“ú•t,ƒKƒ`ƒƒŒ‹‰Ê
2017/5/1,R
2017/5/2,R
2017/5/3,R
2017/5/4,R
2017/5/5,R
2017/5/6,SR
2017/5/7,R
2017/5/8,R
2017/5/9,R
2017/5/10,R
2017/5/11,SSR
2017/5/12,R
2017/5/13,R
2017/5/14,R
2017/5/15,R
2017/5/16,R
2017/5/17,R
2017/5/18,R
2017/5/19,R
2017/5/20,R
2017/5/21,R
2017/5/22,R
2017/5/23,R
2017/5/24,R
2017/5/25,SSR
2017/5/26,R
2017/5/27,R
2017/5/28,R
2017/5/29,R
2017/5/30,R
2017/5/31,R
2017/6/1,R
2017/6/2,R
2017/6/3,R
2017/6/4,R
2017/6/5,R
2017/6/6,R
2017/6/7,R
2017/6/8,R
2017/6/9,R
2017/6/10,R
2017/6/11,R
2017/6/12,R
2017/6/13,R
2017/6/14,SR
2017/6/15,R
2017/6/16,R
2017/6/17,SR
2017/6/18,R
2017/6/19,R
2017/6/20,R
2017/6/21,R
2017/6/22,R
2017/6/23,R
2017/6/24,R
2017/6/25,R
2017/6/26,R
2017/6/27,R
2017/6/28,R
2017/6/29,R
2017/6/30,R
2017/7/1,R
2017/7/2,R
2017/7/3,R
2017/7/4,R
2017/7/5,SSR
2017/7/6,R
2017/7/7,R
2017/7/8,R
2017/7/9,SR
2017/7/10,SR
2017/7/11,SR
2017/7/12,R
2017/7/13,R
2017/7/14,R
2017/7/15,R
2017/7/16,R
2017/7/17,R
2017/7/18,R
2017/7/19,R
2017/7/20,R
2017/7/21,R
2017/7/22,R
2017/7/23,R
2017/7/24,R
2017/7/25,R
2017/7/26,R
2017/7/27,R
2017/7/28,R
2017/7/29,R
2017/7/30,R
2017/7/31,R
